<?xml version="1.0" encoding="UTF-8"?>
<root>
  <item name="com.google.android.material.slider.Slider int getLabelBehavior()">
    <annotation name="androidx.annotation.IntDef">
      <val name="value" val="{com.google.android.material.slider.Slider.LABEL_FLOATING, com.google.android.material.slider.Slider.LABEL_WITHIN_BOUNDS, com.google.android.material.slider.Slider.LABEL_GONE}" />
    </annotation>
  </item>
  <item name="com.google.android.material.slider.Slider void setLabelBehavior(int) 0">
    <annotation name="androidx.annotation.IntDef">
      <val name="value" val="{com.google.android.material.slider.Slider.LABEL_FLOATING, com.google.android.material.slider.Slider.LABEL_WITHIN_BOUNDS, com.google.android.material.slider.Slider.LABEL_GONE}" />
    </annotation>
  </item>
  <item name="com.google.android.material.slider.Slider.LabelBehavior">
    <annotation name="androidx.annotation.IntDef">
      <val name="value" val="{com.google.android.material.slider.Slider.LABEL_FLOATING, com.google.android.material.slider.Slider.LABEL_WITHIN_BOUNDS, com.google.android.material.slider.Slider.LABEL_GONE}" />
    </annotation>
  </item>
</root>

